model,events,ctr_at_1,avg_reward,avg_regret
popularity,6000.0,0.192,0.192,0.7306666666666667
content_similarity,6000.0,0.16,0.16,0.7626666666666667
linucb,6000.0,0.14633333333333334,0.14633333333333334,0.7763333333333333
mlp_dl_baseline,6000.0,0.108,0.108,0.8146666666666667
