{
  "model": "popularity_baseline",
  "global_ctr": 0.10130952380952381,
  "item_popularity": {
    "0": 0.0625,
    "1": 0.1,
    "2": 0.12903225806451613,
    "3": 0.05555555555555555,
    "4": 0.13636363636363635,
    "5": 0.11764705882352941,
    "6": 0.0,
    "7": 0.07692307692307693,
    "8": 0.09090909090909091,
    "9": 0.10344827586206896,
    "10": 0.14285714285714285,
    "11": 0.0,
    "12": 0.10714285714285714,
    "13": 0.14285714285714285,
    "14": 0.11538461538461539,
    "15": 0.03225806451612903,
    "16": 0.1111111111111111,
    "17": 0.0,
    "18": 0.2,
    "19": 0.25,
    "20": 0.03571428571428571,
    "21": 0.02702702702702703,
    "22": 0.06666666666666667,
    "23": 0.22580645161290322,
    "24": 0.08695652173913043,
    "25": 0.11538461538461539,
    "26": 0.09375,
    "27": 0.1111111111111111,
    "28": 0.2,
    "29": 0.06666666666666667,
    "30": 0.03225806451612903,
    "31": 0.3076923076923077,
    "32": 0.043478260869565216,
    "33": 0.15625,
    "34": 0.1111111111111111,
    "35": 0.04,
    "36": 0.1,
    "37": 0.16,
    "38": 0.08695652173913043,
    "39": 0.06666666666666667,
    "40": 0.12903225806451613,
    "41": 0.045454545454545456,
    "42": 0.06451612903225806,
    "43": 0.07692307692307693,
    "44": 0.03225806451612903,
    "45": 0.14285714285714285,
    "46": 0.10526315789473684,
    "47": 0.08,
    "48": 0.0,
    "49": 0.12121212121212122,
    "50": 0.14285714285714285,
    "51": 0.0,
    "52": 0.13636363636363635,
    "53": 0.16666666666666666,
    "54": 0.0,
    "55": 0.09090909090909091,
    "56": 0.13333333333333333,
    "57": 0.13793103448275862,
    "58": 0.16666666666666666,
    "59": 0.10344827586206896,
    "60": 0.1111111111111111,
    "61": 0.027777777777777776,
    "62": 0.15384615384615385,
    "63": 0.029411764705882353,
    "64": 0.07407407407407407,
    "65": 0.14285714285714285,
    "66": 0.13043478260869565,
    "67": 0.038461538461538464,
    "68": 0.047619047619047616,
    "69": 0.13333333333333333,
    "70": 0.08571428571428572,
    "71": 0.125,
    "72": 0.15,
    "73": 0.19230769230769232,
    "74": 0.1,
    "75": 0.17857142857142858,
    "76": 0.14285714285714285,
    "77": 0.12,
    "78": 0.07407407407407407,
    "79": 0.20689655172413793,
    "80": 0.0,
    "81": 0.16,
    "82": 0.13333333333333333,
    "83": 0.14285714285714285,
    "84": 0.10714285714285714,
    "85": 0.08333333333333333,
    "86": 0.175,
    "87": 0.06666666666666667,
    "88": 0.09090909090909091,
    "89": 0.1111111111111111,
    "90": 0.15625,
    "91": 0.0,
    "92": 0.1111111111111111,
    "93": 0.06451612903225806,
    "94": 0.037037037037037035,
    "95": 0.0,
    "96": 0.02857142857142857,
    "97": 0.18518518518518517,
    "98": 0.09090909090909091,
    "99": 0.0,
    "100": 0.13333333333333333,
    "101": 0.09375,
    "102": 0.16129032258064516,
    "103": 0.21428571428571427,
    "104": 0.12121212121212122,
    "105": 0.0625,
    "106": 0.037037037037037035,
    "107": 0.125,
    "108": 0.2,
    "109": 0.05,
    "110": 0.038461538461538464,
    "111": 0.13333333333333333,
    "112": 0.21212121212121213,
    "113": 0.14814814814814814,
    "114": 0.15384615384615385,
    "115": 0.18181818181818182,
    "116": 0.14285714285714285,
    "117": 0.09523809523809523,
    "118": 0.1724137931034483,
    "119": 0.09302325581395349,
    "120": 0.058823529411764705,
    "121": 0.09090909090909091,
    "122": 0.1,
    "123": 0.034482758620689655,
    "124": 0.09090909090909091,
    "125": 0.05714285714285714,
    "126": 0.13333333333333333,
    "127": 0.08333333333333333,
    "128": 0.1111111111111111,
    "129": 0.037037037037037035,
    "130": 0.0,
    "131": 0.24324324324324326,
    "132": 0.08108108108108109,
    "133": 0.1111111111111111,
    "134": 0.21739130434782608,
    "135": 0.13043478260869565,
    "136": 0.1875,
    "137": 0.14814814814814814,
    "138": 0.2222222222222222,
    "139": 0.1724137931034483,
    "140": 0.06896551724137931,
    "141": 0.11538461538461539,
    "142": 0.045454545454545456,
    "143": 0.09375,
    "144": 0.14814814814814814,
    "145": 0.2,
    "146": 0.0967741935483871,
    "147": 0.23076923076923078,
    "148": 0.1,
    "149": 0.06060606060606061,
    "150": 0.21739130434782608,
    "151": 0.17857142857142858,
    "152": 0.08,
    "153": 0.038461538461538464,
    "154": 0.08571428571428572,
    "155": 0.07407407407407407,
    "156": 0.0967741935483871,
    "157": 0.10344827586206896,
    "158": 0.07142857142857142,
    "159": 0.06896551724137931,
    "160": 0.038461538461538464,
    "161": 0.125,
    "162": 0.038461538461538464,
    "163": 0.13793103448275862,
    "164": 0.16666666666666666,
    "165": 0.12903225806451613,
    "166": 0.0,
    "167": 0.125,
    "168": 0.05405405405405406,
    "169": 0.125,
    "170": 0.034482758620689655,
    "171": 0.13636363636363635,
    "172": 0.04,
    "173": 0.0,
    "174": 0.0967741935483871,
    "175": 0.1111111111111111,
    "176": 0.1,
    "177": 0.07317073170731707,
    "178": 0.07407407407407407,
    "179": 0.12,
    "180": 0.14705882352941177,
    "181": 0.09523809523809523,
    "182": 0.15384615384615385,
    "183": 0.13636363636363635,
    "184": 0.0,
    "185": 0.06451612903225806,
    "186": 0.04,
    "187": 0.12903225806451613,
    "188": 0.07692307692307693,
    "189": 0.1111111111111111,
    "190": 0.18421052631578946,
    "191": 0.06896551724137931,
    "192": 0.1,
    "193": 0.12903225806451613,
    "194": 0.030303030303030304,
    "195": 0.11764705882352941,
    "196": 0.037037037037037035,
    "197": 0.0,
    "198": 0.1935483870967742,
    "199": 0.21052631578947367,
    "200": 0.0625,
    "201": 0.13793103448275862,
    "202": 0.07692307692307693,
    "203": 0.06666666666666667,
    "204": 0.2,
    "205": 0.125,
    "206": 0.14285714285714285,
    "207": 0.05555555555555555,
    "208": 0.0967741935483871,
    "209": 0.03571428571428571,
    "210": 0.08,
    "211": 0.08571428571428572,
    "212": 0.10714285714285714,
    "213": 0.0,
    "214": 0.15151515151515152,
    "215": 0.09090909090909091,
    "216": 0.038461538461538464,
    "217": 0.14285714285714285,
    "218": 0.10344827586206896,
    "219": 0.23809523809523808,
    "220": 0.05555555555555555,
    "221": 0.17647058823529413,
    "222": 0.19047619047619047,
    "223": 0.08333333333333333,
    "224": 0.07407407407407407,
    "225": 0.125,
    "226": 0.1,
    "227": 0.1111111111111111,
    "228": 0.09523809523809523,
    "229": 0.13333333333333333,
    "230": 0.1,
    "231": 0.16666666666666666,
    "232": 0.11428571428571428,
    "233": 0.06666666666666667,
    "234": 0.16,
    "235": 0.13043478260869565,
    "236": 0.1111111111111111,
    "237": 0.06896551724137931,
    "238": 0.0,
    "239": 0.11764705882352941,
    "240": 0.07692307692307693,
    "241": 0.18181818181818182,
    "242": 0.12,
    "243": 0.034482758620689655,
    "244": 0.02631578947368421,
    "245": 0.12,
    "246": 0.1724137931034483,
    "247": 0.034482758620689655,
    "248": 0.06451612903225806,
    "249": 0.23809523809523808,
    "250": 0.0,
    "251": 0.08823529411764706,
    "252": 0.06896551724137931,
    "253": 0.05714285714285714,
    "254": 0.10344827586206896,
    "255": 0.1111111111111111,
    "256": 0.08333333333333333,
    "257": 0.07407407407407407,
    "258": 0.03125,
    "259": 0.11538461538461539,
    "260": 0.03125,
    "261": 0.1724137931034483,
    "262": 0.04,
    "263": 0.07142857142857142,
    "264": 0.16,
    "265": 0.16666666666666666,
    "266": 0.20689655172413793,
    "267": 0.0,
    "268": 0.0,
    "269": 0.0,
    "270": 0.06666666666666667,
    "271": 0.06896551724137931,
    "272": 0.12,
    "273": 0.09090909090909091,
    "274": 0.07692307692307693,
    "275": 0.18181818181818182,
    "276": 0.08,
    "277": 0.1388888888888889,
    "278": 0.2222222222222222,
    "279": 0.10810810810810811,
    "280": 0.16666666666666666,
    "281": 0.10344827586206896,
    "282": 0.04,
    "283": 0.15151515151515152,
    "284": 0.1,
    "285": 0.1111111111111111,